{
	"name": "pf2e-exploration-effects",
	"title": "PF2E Exploration Effects",
	"description": "Adds a compendium containing preconfigured effects for tracking various exploration activities for Pathfinder 2E. The effects intentionally contain no automation and should be used for tracking purposes only.",
	"author": "Cora",
	"version": "1.0.1",
	"minimumCoreVersion": "9",
	"compatibleCoreVersion": "9",
	"system": ["pf2e"]
	"url": "https://gitlab.com/silvative/pf2e-exploration-effects",
	"manifest": "https://gitlab.com/silvative/pf2e-exploration-effects/-/raw/main/module.json",
	"download": "https://gitlab.com/silvative/pf2e-exploration-effects/-/raw/main/package/pf2e-exploration-effects.zip",
	"packs": [{
		"name": "pf2e-exploration-effects",
		"label": "PF2E Exploration Effects",
		"system": "pf2e",
		"path": "./packs/pf2e-exploration-effects.db",
		"entity": "Item"
		},
		{
		"name": "pf2e-exploration-macros",
		"label": "PF2E Exploration Macros",
		"system": "pf2e",
		"path": "./packs/pf2e-exploration-macros.db",
		"entity": "Macro"
		},	
}
